accuracy,precision,recall,fscore,support,AP,AP50,AP75,TP,FP,FN
0.9459459459459459,0.9595759661437822,0.9881841509287248,0.9735883173496772,567,0.8188948905890866,0.983331420029381,0.9571984030462541,560,25,7
