,precision,recall,f1-score,TP,FP,FN
canario_do_amazonas,0.9514563106796117,0.9849246231155779,0.9679012345679012,196,10,3
chupim,0.9724770642201835,1.0,0.986046511627907,106,3,0
rolinha,0.9662921348314607,0.9772727272727273,0.9717514124293786,86,3,2
sanhaco_da_amazonia,0.9876543209876543,1.0,0.9937888198757764,80,1,0
sanhaco_do_coqueiro,0.92,0.9787234042553191,0.9484536082474226,92,8,2
